32.03,6.97,81.03,a_001.JPG
31.95,6.95,81.05,a_002.JPG
31.97,6.95,81.03,a_003.JPG
32.01,6.93,81.03,a_004.JPG
32.05,6.94,81.04,a_005.JPG
32.04,6.96,81.01,a_006.JPG
32.05,6.96,80.99,a_007.JPG
32.07,6.96,81,a_008.JPG
32.06,6.95,80.99,a_009.JPG
32.05,6.94,80.99,a_010.JPG
32.05,6.94,80.98,a_011.JPG
32.07,6.96,81.02,a_012.JPG
32.09,6.97,81.04,a_013.JPG
32.11,6.94,81.02,a_014.JPG
32.13,6.92,80.98,a_015.JPG
32.11,6.94,81,a_016.JPG
32.09,6.94,81,a_017.JPG
32.09,6.93,80.98,a_018.JPG
32.07,6.94,80.98,a_019.JPG
32.06,6.94,80.99,a_020.JPG
32.04,6.95,81,a_021.JPG
32.07,6.97,81.02,a_022.JPG
32.08,6.97,81.01,a_023.JPG
32.1,6.95,81.02,a_024.JPG
32.11,6.95,81,a_025.JPG
32.11,6.97,81,a_026.JPG
32.09,6.96,80.99,a_027.JPG
32.09,6.95,80.99,a_028.JPG
32.1,6.95,80.99,a_029.JPG
32.09,6.95,81.01,a_030.JPG
32.1,6.95,81.01,a_031.JPG
32.11,6.96,80.99,a_032.JPG
32.11,6.95,80.99,a_033.JPG
32.11,6.96,80.99,a_034.JPG
32.11,6.94,80.99,a_035.JPG
32.11,6.96,81,a_036.JPG
32.11,6.97,81.03,a_037.JPG
32.11,6.97,81.03,a_038.JPG
32.12,6.95,81.03,a_039.JPG
32.12,6.94,81.03,a_040.JPG
32.12,6.95,81,a_041.JPG
32.11,6.95,81,a_042.JPG
32.12,6.96,80.99,a_043.JPG
32.12,6.95,80.99,a_044.JPG
32.09,6.95,81,a_045.JPG
32.07,6.94,81,a_046.JPG
32.06,6.93,81,a_047.JPG
32.06,6.92,81,a_048.JPG
32.07,6.97,81.01,a_049.JPG
32.09,6.97,81.02,a_050.JPG
32.09,6.95,81.04,a_051.JPG
32.1,6.96,81.01,a_052.JPG
32.11,6.94,80.99,a_053.JPG
32.09,6.95,80.98,a_054.JPG
32.09,6.97,81.02,a_055.JPG
32.09,6.96,81.01,a_056.JPG
32.1,6.94,81.01,a_057.JPG
32.11,6.95,81.02,a_058.JPG
32.13,6.96,81.01,a_059.JPG
32.12,6.94,81.01,a_060.JPG
32.09,6.94,80.99,a_061.JPG
32.11,6.99,81.02,a_062.JPG
32.11,6.98,81.02,a_063.JPG
32.12,6.97,81,a_064.JPG
32.12,6.93,80.99,a_065.JPG
32.13,6.94,80.98,a_066.JPG
32.13,6.94,81,a_067.JPG
32.16,6.95,80.97,a_068.JPG
32.16,6.96,80.96,a_069.JPG
32.14,6.94,80.95,a_070.JPG
32.14,6.95,80.93,a_071.JPG
32.12,6.94,80.98,a_072.JPG
32.1,6.93,80.96,a_073.JPG
32.11,6.94,80.97,a_074.JPG
32.09,6.95,81,a_075.JPG
32.1,6.93,80.98,a_076.JPG
32.12,6.94,80.98,a_077.JPG
32.12,6.94,81,a_078.JPG
32.11,6.95,81.02,a_079.JPG
32.11,6.97,81,a_080.JPG
32.1,6.98,80.99,a_081.JPG
32.11,6.94,81.02,a_082.JPG
32.11,6.93,81,a_083.JPG
32.11,6.97,80.99,a_084.JPG
32.11,6.97,81,a_085.JPG
32.12,6.95,80.99,a_086.JPG
32.11,6.98,81,a_087.JPG
32.12,6.94,81,a_088.JPG
32.11,6.93,80.97,a_089.JPG
32.11,6.94,81,a_090.JPG
32.12,6.96,80.99,a_091.JPG
32.12,6.96,81,a_092.JPG
32.12,6.96,81,a_093.JPG
32.12,6.97,80.98,a_094.JPG
32.12,6.95,80.98,a_095.JPG
32.09,6.94,80.99,a_096.JPG
32.09,6.95,81,a_097.JPG
32.12,6.95,81,a_098.JPG
32.15,6.94,81,a_099.JPG
32,18.37,81.07,b_001.JPG
31.99,18.37,81.07,b_002.JPG
31.99,18.39,81.11,b_003.JPG
31.96,18.4,81.1,b_004.JPG
31.99,18.4,81.06,b_005.JPG
32.03,18.4,81,b_006.JPG
31.99,18.44,81.07,b_007.JPG
31.97,18.42,81.09,b_008.JPG
31.96,18.4,81.07,b_009.JPG
31.92,18.38,81.09,b_010.JPG
31.96,18.35,81.07,b_011.JPG
31.99,18.36,81.06,b_012.JPG
32.02,18.37,81.05,b_013.JPG
32.02,18.41,81.03,b_014.JPG
31.99,18.4,81.06,b_015.JPG
31.97,18.39,81.03,b_016.JPG
32.05,18.39,81.07,b_017.JPG
32.07,18.39,81.08,b_018.JPG
32.06,18.41,81.05,b_019.JPG
32.03,18.4,81.03,b_020.JPG
32.05,18.36,81.05,b_021.JPG
32.02,18.37,81.05,b_022.JPG
32,18.36,81.04,b_023.JPG
32.01,18.37,81.03,b_024.JPG
32.02,18.35,81.03,b_025.JPG
32.03,18.4,81.04,b_026.JPG
32.05,18.39,81.01,b_027.JPG
32.07,18.37,81.05,b_028.JPG
32.1,18.36,81.05,b_029.JPG
32.1,18.36,81.05,b_030.JPG
32.09,18.35,81.06,b_031.JPG
32.07,18.35,81.09,b_032.JPG
32.04,18.38,81.04,b_033.JPG
32.06,18.37,81.08,b_034.JPG
32.09,18.37,81.09,b_035.JPG
32.07,18.38,81.05,b_036.JPG
32.07,18.37,81.05,b_037.JPG
32.06,18.39,81.05,b_038.JPG
32.04,18.37,81.05,b_039.JPG
32.04,18.38,81.06,b_040.JPG
32.06,18.36,81.06,b_041.JPG
32.04,18.35,81.06,b_042.JPG
32.01,18.34,81.05,b_043.JPG
31.99,18.37,81.06,b_044.JPG
31.99,18.38,81.07,b_045.JPG
32.02,18.39,81.08,b_046.JPG
32.04,18.39,81.05,b_047.JPG
32.02,18.38,81.03,b_048.JPG
32.06,18.39,81.06,b_049.JPG
32.13,18.37,81.09,b_050.JPG
32.15,18.38,81.05,b_051.JPG
32.08,18.38,81.01,b_052.JPG
32.07,18.38,81.02,b_053.JPG
32.11,18.38,81.02,b_054.JPG
32.1,18.37,80.98,b_055.JPG
32.06,18.37,81,b_056.JPG
32.07,18.38,81.04,b_057.JPG
32.07,18.39,81.03,b_058.JPG
32.06,18.38,81.05,b_059.JPG
32.06,18.38,81.05,b_060.JPG
32.04,18.36,81.04,b_061.JPG
32.04,18.34,81.02,b_062.JPG
32.04,18.35,80.99,b_063.JPG
32.03,18.39,81,b_064.JPG
33.39,18.39,66.51,c_001.JPG
33.36,18.38,66.47,c_002.JPG
33.36,18.38,66.46,c_003.JPG
33.37,18.4,66.43,c_004.JPG
33.39,18.39,66.42,c_005.JPG
33.4,18.38,66.42,c_006.JPG
33.42,18.38,66.4,c_007.JPG
33.42,18.39,66.39,c_008.JPG
33.4,18.38,66.39,c_009.JPG
33.39,18.38,66.41,c_010.JPG
33.37,18.38,66.4,c_011.JPG
33.37,18.36,66.41,c_012.JPG
33.37,18.33,66.42,c_013.JPG
33.37,18.33,66.42,c_014.JPG
33.37,18.35,66.4,c_015.JPG
33.37,18.38,66.39,c_016.JPG
33.35,18.37,66.4,c_017.JPG
33.35,18.4,66.4,c_018.JPG
33.34,18.37,66.4,c_019.JPG
33.34,18.37,66.39,c_020.JPG
33.34,18.37,66.4,c_021.JPG
33.36,18.37,66.41,c_022.JPG
33.37,18.35,66.41,c_023.JPG
33.39,18.35,66.4,c_024.JPG
33.4,18.36,66.39,c_025.JPG
33.39,18.36,66.4,c_026.JPG
33.39,18.39,66.4,c_027.JPG
33.39,18.4,66.39,c_028.JPG
33.39,18.39,66.39,c_029.JPG
33.38,18.38,66.39,c_030.JPG
33.39,18.37,66.39,c_031.JPG
33.39,18.37,66.39,c_032.JPG
33.38,18.38,66.39,c_033.JPG
33.39,18.38,66.4,c_034.JPG
33.4,18.4,66.38,c_035.JPG
33.39,18.39,66.35,c_036.JPG
33.37,18.38,66.37,c_037.JPG
33.38,18.39,66.38,c_038.JPG
33.42,18.38,66.36,c_039.JPG
33.42,18.35,66.39,c_040.JPG
33.4,18.35,66.39,c_041.JPG
33.43,18.37,66.37,c_042.JPG
33.46,18.37,66.4,c_043.JPG
33.41,18.37,66.43,c_044.JPG
33.38,18.39,66.41,c_045.JPG
33.4,18.4,66.38,c_046.JPG
33.47,18.38,66.33,c_047.JPG
33.46,18.38,66.37,c_048.JPG
33.43,18.39,66.38,c_049.JPG
33.42,18.38,66.33,c_050.JPG
33.41,18.37,66.37,c_051.JPG
33.39,18.34,66.37,c_052.JPG
33.37,18.36,66.37,c_053.JPG
33.36,18.38,66.38,c_054.JPG
33.34,18.37,66.39,c_055.JPG
33.33,18.38,66.39,c_056.JPG
33.37,18.38,66.39,c_057.JPG
33.4,18.37,66.38,c_058.JPG
33.39,18.39,66.36,c_059.JPG
33.36,18.35,66.37,c_060.JPG
33.35,18.35,66.38,c_061.JPG
33.37,18.38,66.39,c_062.JPG
33.37,18.38,66.38,c_063.JPG
33.39,18.4,66.37,c_064.JPG
33.37,10.25,66.49,d_001.JPG
33.37,10.27,66.51,d_002.JPG
33.37,10.29,66.52,d_003.JPG
33.36,10.28,66.49,d_004.JPG
33.34,10.28,66.45,d_005.JPG
33.36,10.26,66.49,d_006.JPG
33.37,10.27,66.52,d_007.JPG
33.37,10.28,66.49,d_008.JPG
33.36,10.29,66.46,d_009.JPG
33.37,10.28,66.47,d_010.JPG
33.38,10.26,66.47,d_011.JPG
33.37,10.25,66.5,d_012.JPG
33.37,10.23,66.47,d_013.JPG
33.37,10.25,66.47,d_014.JPG
33.36,10.28,66.47,d_015.JPG
33.35,10.28,66.46,d_016.JPG
33.34,10.27,66.47,d_017.JPG
33.33,10.27,66.48,d_018.JPG
33.37,10.26,66.47,d_019.JPG
33.35,10.26,66.48,d_020.JPG
33.35,10.26,66.48,d_021.JPG
33.33,10.28,66.47,d_022.JPG
33.34,10.27,66.48,d_023.JPG
33.37,10.27,66.49,d_024.JPG
33.37,10.27,66.48,d_025.JPG
33.39,10.32,66.48,d_026.JPG
33.36,10.24,66.46,d_027.JPG
33.35,10.24,66.48,d_028.JPG
33.34,10.27,66.48,d_029.JPG
33.36,10.29,66.47,d_030.JPG
33.36,10.28,66.46,d_031.JPG
33.37,10.26,66.45,d_032.JPG
33.37,10.29,66.48,d_033.JPG
33.37,10.27,66.46,d_034.JPG
33.36,10.27,66.44,d_035.JPG
33.36,10.27,66.49,d_036.JPG
33.36,10.26,66.49,d_037.JPG
33.37,10.27,66.47,d_038.JPG
33.36,10.27,66.47,d_039.JPG
33.35,10.27,66.48,d_040.JPG
33.39,10.28,66.46,d_041.JPG
33.36,10.27,66.47,d_042.JPG
33.34,10.27,66.48,d_043.JPG
33.37,10.27,66.47,d_044.JPG
33.36,10.26,66.47,d_045.JPG
33.36,10.27,66.44,d_046.JPG
33.39,10.27,66.44,d_047.JPG
33.39,10.29,66.48,d_048.JPG
33.37,10.27,66.49,d_049.JPG
33.35,10.27,66.52,d_050.JPG
33.37,10.26,66.48,d_051.JPG
33.37,10.28,66.49,d_052.JPG
33.37,10.29,66.49,d_053.JPG
33.38,10.28,66.48,d_054.JPG
33.38,10.26,66.47,d_055.JPG
33.37,10.28,66.48,d_056.JPG
33.37,10.27,66.47,d_057.JPG
33.37,10.28,66.49,d_058.JPG
33.37,10.25,66.46,d_059.JPG
33.38,10.27,66.45,d_060.JPG
33.37,10.29,66.47,d_061.JPG
33.38,10.28,66.47,d_062.JPG
33.39,10.28,66.46,d_063.JPG
33.37,10.27,66.47,d_064.JPG
